[
    {
        "generation": 0,
        "avg_program_length": 7.848,
        "best_individual": "cos((X1  + (5.837164758416858  * 1.9485444383004928 )))",
        "avg_fitness": 13853.10219116936,
        "best_fitness": 40.571406890007125
    },
    {
        "generation": 1,
        "avg_program_length": 6.911,
        "best_individual": "cos((X1  + (5.837164758416858  * 1.9485444383004928 )))",
        "avg_fitness": 966.6848691816045,
        "best_fitness": 40.571406890007125
    },
    {
        "generation": 2,
        "avg_program_length": 7.73,
        "best_individual": "cos((X1  + sin(-2.3401433696956637 )))",
        "avg_fitness": 236.62681529404682,
        "best_fitness": 26.764435555704786
    },
    {
        "generation": 3,
        "avg_program_length": 8.043,
        "best_individual": "cos((X1  + sin(-2.3401433696956637 )))",
        "avg_fitness": 280.5577599902906,
        "best_fitness": 26.764435555704786
    },
    {
        "generation": 4,
        "avg_program_length": 7.178,
        "best_individual": "cos((X1  + sin(-2.3401433696956637 )))",
        "avg_fitness": 716.2348454924385,
        "best_fitness": 26.764435555704786
    },
    {
        "generation": 5,
        "avg_program_length": 7.173,
        "best_individual": "sin(((X1  / (X1  + (X1  - -0.3329645138659476 ))) + (X1  - -0.3329645138659476 )))",
        "avg_fitness": 325.3738118778516,
        "best_fitness": 26.66930084006058
    },
    {
        "generation": 6,
        "avg_program_length": 9.111,
        "best_individual": "sin((sin(cos(X1 )) + sin(X1 )))",
        "avg_fitness": 301.9305441820316,
        "best_fitness": 22.47277623633715
    },
    {
        "generation": 7,
        "avg_program_length": 12.805,
        "best_individual": "(sin(cos(X1 )) + sin(X1 ))",
        "avg_fitness": 199.6020959232143,
        "best_fitness": 6.857937055638102
    },
    {
        "generation": 8,
        "avg_program_length": 15.37,
        "best_individual": "(sin(cos(X1 )) + sin(X1 ))",
        "avg_fitness": 517.725787030272,
        "best_fitness": 6.857937055638102
    },
    {
        "generation": 9,
        "avg_program_length": 19.1,
        "best_individual": "(sin(cos(X1 )) + sin(X1 ))",
        "avg_fitness": 509.21977184657976,
        "best_fitness": 6.857937055638102
    },
    {
        "generation": 10,
        "avg_program_length": 23.967,
        "best_individual": "(sin(cos(X1 )) + sin(X1 ))",
        "avg_fitness": 461.40104648729005,
        "best_fitness": 6.857937055638102
    },
    {
        "generation": 11,
        "avg_program_length": 27.192,
        "best_individual": "(sin(cos(X1 )) + sin(X1 ))",
        "avg_fitness": 109.40693310415311,
        "best_fitness": 6.857937055638102
    },
    {
        "generation": 12,
        "avg_program_length": 30.304,
        "best_individual": "(sin(cos(X1 )) + sin(X1 ))",
        "avg_fitness": 113.44108495170268,
        "best_fitness": 6.857937055638102
    },
    {
        "generation": 13,
        "avg_program_length": 32.469,
        "best_individual": "(sin(cos(X1 )) + sin(X1 ))",
        "avg_fitness": 73.14708891564497,
        "best_fitness": 6.857937055638102
    },
    {
        "generation": 14,
        "avg_program_length": 35.091,
        "best_individual": "(sin(cos(X1 )) + sin(X1 ))",
        "avg_fitness": 99.76577724557066,
        "best_fitness": 6.857937055638102
    },
    {
        "generation": 15,
        "avg_program_length": 36.414,
        "best_individual": "(cos(X1 ) + sin(X1 ))",
        "avg_fitness": 123.9451667508856,
        "best_fitness": 6.661338147750939E-16
    }
]