[
    {
        "generation": 0,
        "avg_program_length": 7.489,
        "best_individual": "(X1  + (((X2  + (((cos(cos((cos(cos(-6.958010443518168 )) * (-0.2385043949792216  / (((1.74098847403722  * (sin(X2 ) - -5.918628967372959 )) / (4.127056450623044  / (-2.539651293100002  / -8.61707467464137 ))) + (((sin(-8.187728199195101 ) / (4.127056450623044  + (X1  + sin(-8.61707467464137 )))) + 1.74098847403722 ) * 4.127056450623044 )))))) / -5.918628967372959 ) + -8.187728199195101 ) + -5.918628967372959 )) * 1.74098847403722 ) - (-8.187728199195101  * 2.7572396246505537 )))",
        "avg_fitness": 8.567304403862906E7,
        "best_fitness": 330371.84417857224
    },
    {
        "generation": 1,
        "avg_program_length": 8.199,
        "best_individual": "(((X2  + X2 ) - -2.539651293100002 ) + X1 )",
        "avg_fitness": 2725000.29255551,
        "best_fitness": 6349.128232750258
    },
    {
        "generation": 2,
        "avg_program_length": 9.489,
        "best_individual": "(((X2  + X2 ) - -2.539651293100002 ) + X1 )",
        "avg_fitness": 4643485.042892141,
        "best_fitness": 6349.128232750258
    },
    {
        "generation": 3,
        "avg_program_length": 12.112,
        "best_individual": "((X2  + X2 ) + X1 )",
        "avg_fitness": 9535108.156546969,
        "best_fitness": 0
    }
]